file, datetime, full string, float conversion attemptFLIR10000.jpg, 2022:09:23 09:56:18, 223 *
, ['2', '2', '3']FLIR10001.jpg, 2022:09:23 09:56:33, 224
, ['2', '2', '4']FLIR10002.jpg, 2022:09:23 09:56:48, 224
, ['2', '2', '4']FLIR10003.jpg, 2022:09:23 09:57:04, 225 +
, ['2', '2', '5']FLIR10004.jpg, 2022:09:23 09:57:18, 225 +
, ['2', '2', '5']FLIR10005.jpg, 2022:09:23 09:57:34, 225 +
, ['2', '2', '5']FLIR10006.jpg, 2022:09:23 09:57:48, 225 +
, ['2', '2', '5']FLIR10007.jpg, 2022:09:23 09:58:04, 225 +
, ['2', '2', '5']FLIR10008.jpg, 2022:09:23 09:58:18, 225 +
, ['2', '2', '5']FLIR10009.jpg, 2022:09:23 09:58:33, 225 +
, ['2', '2', '5']FLIR10010.jpg, 2022:09:23 09:58:49, 225 +
, ['2', '2', '5']FLIR10011.jpg, 2022:09:23 09:59:03, 226 F
, ['2', '2', '6']FLIR10012.jpg, 2022:09:23 09:59:19, 227
, ['2', '2', '7']FLIR10013.jpg, 2022:09:23 09:59:33, 226 F
, ['2', '2', '6']FLIR10014.jpg, 2022:09:23 09:59:49, 226 F
, ['2', '2', '6']FLIR10015.jpg, 2022:09:23 10:00:10, 226 F
, ['2', '2', '6']FLIR10016.jpg, 2022:09:23 10:00:19, 227
, ['2', '2', '7']FLIR10017.jpg, 2022:09:23 10:00:34, 228 +
, ['2', '2', '8']FLIR10018.jpg, 2022:09:23 10:00:48, 227
, ['2', '2', '7']FLIR10019.jpg, 2022:09:23 10:01:03, 228 +
, ['2', '2', '8']FLIR10020.jpg, 2022:09:23 10:01:19, 228 +
, ['2', '2', '8']FLIR10021.jpg, 2022:09:23 10:01:33, 227
, ['2', '2', '7']FLIR10022.jpg, 2022:09:23 10:01:49, 228 +
, ['2', '2', '8']FLIR10023.jpg, 2022:09:23 10:02:03, 228 +
, ['2', '2', '8']FLIR10024.jpg, 2022:09:23 10:02:16, 228 +
, ['2', '2', '8']FLIR10025.jpg, 2022:09:23 10:02:33, 229 +
, ['2', '2', '9']FLIR10026.jpg, 2022:09:23 10:02:49, 230 *
, ['2', '3', '0']FLIR10027.jpg, 2022:09:23 10:03:03, 230 *
, ['2', '3', '0']FLIR10028.jpg, 2022:09:23 10:03:19, 229 +
, ['2', '2', '9']FLIR10029.jpg, 2022:09:23 10:03:33, 230 *
, ['2', '3', '0']FLIR10030.jpg, 2022:09:23 10:03:49, 229 +
, ['2', '2', '9']FLIR10031.jpg, 2022:09:23 10:04:03, 229 +
, ['2', '2', '9']FLIR10032.jpg, 2022:09:23 10:04:19, 228 +
, ['2', '2', '8']FLIR10033.jpg, 2022:09:23 10:04:34, 229 +
, ['2', '2', '9']FLIR10034.jpg, 2022:09:23 10:04:46, 229 +
, ['2', '2', '9']FLIR10035.jpg, 2022:09:23 10:05:09, 230 *
, ['2', '3', '0']FLIR10036.jpg, 2022:09:23 10:05:18, 230 *
, ['2', '3', '0']FLIR10037.jpg, 2022:09:23 10:05:34, 230 *
, ['2', '3', '0']FLIR10038.jpg, 2022:09:23 10:05:48, 230 *
, ['2', '3', '0']FLIR10039.jpg, 2022:09:23 10:06:04, 231 7
, ['2', '3', '1', '7']FLIR10040.jpg, 2022:09:23 10:06:19, 231 7
, ['2', '3', '1', '7']FLIR10041.jpg, 2022:09:23 10:06:33, 231 7
, ['2', '3', '1', '7']FLIR10042.jpg, 2022:09:23 10:06:49, 231 7
, ['2', '3', '1', '7']FLIR10043.jpg, 2022:09:23 10:07:04, 233
, ['2', '3', '3']FLIR10044.jpg, 2022:09:23 10:07:19, 232 *
, ['2', '3', '2']FLIR10045.jpg, 2022:09:23 10:07:34, 231 7
, ['2', '3', '1', '7']FLIR10046.jpg, 2022:09:23 10:07:48, 232 *
, ['2', '3', '2']FLIR10047.jpg, 2022:09:23 10:08:04, 231 7
, ['2', '3', '1', '7']FLIR10048.jpg, 2022:09:23 10:08:20, 230 *
, ['2', '3', '0']FLIR10049.jpg, 2022:09:23 10:08:34, 230 *
, ['2', '3', '0']FLIR10050.jpg, 2022:09:23 10:08:48, 231 7
, ['2', '3', '1', '7']FLIR10051.jpg, 2022:09:23 10:09:04, 232 *
, ['2', '3', '2']FLIR10052.jpg, 2022:09:23 10:09:20, 231 7
, ['2', '3', '1', '7']FLIR10053.jpg, 2022:09:23 10:09:34, 231 7
, ['2', '3', '1', '7']FLIR10054.jpg, 2022:09:23 10:09:46, 231 7
, ['2', '3', '1', '7']FLIR10055.jpg, 2022:09:23 10:10:09, 232 *
, ['2', '3', '2']FLIR10056.jpg, 2022:09:23 10:10:20, 231 7
, ['2', '3', '1', '7']FLIR10057.jpg, 2022:09:23 10:10:34, 231 7
, ['2', '3', '1', '7']FLIR10058.jpg, 2022:09:23 10:10:48, 231 7
, ['2', '3', '1', '7']FLIR10059.jpg, 2022:09:23 10:11:05, 231 7
, ['2', '3', '1', '7']FLIR10060.jpg, 2022:09:23 10:11:18, 232 *
, ['2', '3', '2']FLIR10061.jpg, 2022:09:23 10:11:34, 232 *
, ['2', '3', '2']FLIR10062.jpg, 2022:09:23 10:11:48, 233
, ['2', '3', '3']FLIR10063.jpg, 2022:09:23 10:12:04, 232 *
, ['2', '3', '2']FLIR10064.jpg, 2022:09:23 10:12:16, 231 7
, ['2', '3', '1', '7']FLIR10065.jpg, 2022:09:23 10:12:34, 232 *
, ['2', '3', '2']FLIR10066.jpg, 2022:09:23 10:12:48, 230 *
, ['2', '3', '0']FLIR10067.jpg, 2022:09:23 10:13:04, 230 *
, ['2', '3', '0']FLIR10068.jpg, 2022:09:23 10:13:19, 229 +
, ['2', '2', '9']FLIR10069.jpg, 2022:09:23 10:13:33, 228 +
, ['2', '2', '8']FLIR10070.jpg, 2022:09:23 10:13:48, 228 +
, ['2', '2', '8']FLIR10071.jpg, 2022:09:23 10:14:05, 227
, ['2', '2', '7']FLIR10072.jpg, 2022:09:23 10:14:18, 228 +
, ['2', '2', '8']FLIR10073.jpg, 2022:09:23 10:14:34, 229 +
, ['2', '2', '9']FLIR10074.jpg, 2022:09:23 10:14:46, 228 +
, ['2', '2', '8']FLIR10075.jpg, 2022:09:23 10:15:09, 229 +
, ['2', '2', '9']FLIR10076.jpg, 2022:09:23 10:15:18, 228 +
, ['2', '2', '8']FLIR10077.jpg, 2022:09:23 10:15:34, 229 +
, ['2', '2', '9']FLIR10078.jpg, 2022:09:23 10:15:48, 228 +
, ['2', '2', '8']FLIR10079.jpg, 2022:09:23 10:16:04, 229 +
, ['2', '2', '9']FLIR10080.jpg, 2022:09:23 10:16:18, 228 +
, ['2', '2', '8']FLIR10081.jpg, 2022:09:23 10:16:34, 228 +
, ['2', '2', '8']FLIR10082.jpg, 2022:09:23 10:16:48, 229 +
, ['2', '2', '9']FLIR10083.jpg, 2022:09:23 10:17:05, 229 +
, ['2', '2', '9']FLIR10084.jpg, 2022:09:23 10:17:16, 229 +
, ['2', '2', '9']FLIR10085.jpg, 2022:09:23 10:17:34, 229 +
, ['2', '2', '9']FLIR10086.jpg, 2022:09:23 10:17:48, 229 +
, ['2', '2', '9']FLIR10087.jpg, 2022:09:23 10:18:05, 229 +
, ['2', '2', '9']FLIR10088.jpg, 2022:09:23 10:18:18, 229 +
, ['2', '2', '9']FLIR10089.jpg, 2022:09:23 10:18:34, 229 +
, ['2', '2', '9']FLIR10090.jpg, 2022:09:23 10:18:48, 230 *
, ['2', '3', '0']FLIR10091.jpg, 2022:09:23 10:19:03, 229 +
, ['2', '2', '9']FLIR10092.jpg, 2022:09:23 10:19:18, 229 +
, ['2', '2', '9']FLIR10093.jpg, 2022:09:23 10:19:33, 230 *
, ['2', '3', '0']FLIR10094.jpg, 2022:09:23 10:19:47, 230 *
, ['2', '3', '0']FLIR10095.jpg, 2022:09:23 10:20:09, 230 *
, ['2', '3', '0']FLIR10096.jpg, 2022:09:23 10:20:19, 231 7
, ['2', '3', '1', '7']FLIR10097.jpg, 2022:09:23 10:20:33, 232 *
, ['2', '3', '2']FLIR10098.jpg, 2022:09:23 10:20:49, 231 7
, ['2', '3', '1', '7']FLIR10099.jpg, 2022:09:23 10:21:03, 231 7
, ['2', '3', '1', '7']FLIR10100.jpg, 2022:09:23 10:21:19, 232 *
, ['2', '3', '2']FLIR10101.jpg, 2022:09:23 10:21:34, 233
, ['2', '3', '3']FLIR10102.jpg, 2022:09:23 10:21:49, 232 *
, ['2', '3', '2']FLIR10103.jpg, 2022:09:23 10:22:04, 232 *
, ['2', '3', '2']FLIR10104.jpg, 2022:09:23 10:22:18, 232 *
, ['2', '3', '2']FLIR10105.jpg, 2022:09:23 10:22:34, 232 *
, ['2', '3', '2']FLIR10106.jpg, 2022:09:23 10:22:48, 232 *
, ['2', '3', '2']FLIR10107.jpg, 2022:09:23 10:23:05, 232 *
, ['2', '3', '2']FLIR10108.jpg, 2022:09:23 10:23:19, 231 7
, ['2', '3', '1', '7']FLIR10109.jpg, 2022:09:23 10:23:33, 232 *
, ['2', '3', '2']FLIR10110.jpg, 2022:09:23 10:23:49, 230 *
, ['2', '3', '0']FLIR10111.jpg, 2022:09:23 10:24:03, 229 +
, ['2', '2', '9']FLIR10112.jpg, 2022:09:23 10:24:19, 230 *
, ['2', '3', '0']FLIR10113.jpg, 2022:09:23 10:24:33, 230 *
, ['2', '3', '0']FLIR10114.jpg, 2022:09:23 10:24:48, 230 *
, ['2', '3', '0']FLIR10115.jpg, 2022:09:23 10:25:09, 232 *
, ['2', '3', '2']FLIR10116.jpg, 2022:09:23 10:25:18, 231 7
, ['2', '3', '1', '7']FLIR10117.jpg, 2022:09:23 10:25:34, 232 *
, ['2', '3', '2']FLIR10118.jpg, 2022:09:23 10:25:48, 231 7
, ['2', '3', '1', '7']FLIR10119.jpg, 2022:09:23 10:26:04, 232 *
, ['2', '3', '2']FLIR10120.jpg, 2022:09:23 10:26:18, 231 7
, ['2', '3', '1', '7']FLIR10121.jpg, 2022:09:23 10:26:33, 231 7
, ['2', '3', '1', '7']FLIR10122.jpg, 2022:09:23 10:26:49, 231 7
, ['2', '3', '1', '7']FLIR10123.jpg, 2022:09:23 10:27:03, 231 7
, ['2', '3', '1', '7']FLIR10124.jpg, 2022:09:23 10:27:17, 231 7
, ['2', '3', '1', '7']FLIR10125.jpg, 2022:09:23 10:27:34, 231 7
, ['2', '3', '1', '7']FLIR10126.jpg, 2022:09:23 10:27:48, 231 7
, ['2', '3', '1', '7']FLIR10127.jpg, 2022:09:23 10:28:03, 230 *
, ['2', '3', '0']FLIR10128.jpg, 2022:09:23 10:28:19, 231 7
, ['2', '3', '1', '7']FLIR10129.jpg, 2022:09:23 10:28:34, 231 7
, ['2', '3', '1', '7']FLIR10130.jpg, 2022:09:23 10:28:49, 232 *
, ['2', '3', '2']FLIR10131.jpg, 2022:09:23 10:29:03, 232 *
, ['2', '3', '2']FLIR10132.jpg, 2022:09:23 10:29:19, 233
, ['2', '3', '3']FLIR10133.jpg, 2022:09:23 10:29:33, 234
, ['2', '3', '4']FLIR10134.jpg, 2022:09:23 10:29:47, 233
, ['2', '3', '3']FLIR10135.jpg, 2022:09:23 10:30:10, 234
, ['2', '3', '4']FLIR10136.jpg, 2022:09:23 10:30:19, 234
, ['2', '3', '4']FLIR10137.jpg, 2022:09:23 10:30:33, 233
, ['2', '3', '3']FLIR10138.jpg, 2022:09:23 10:30:49, 233
, ['2', '3', '3']FLIR10139.jpg, 2022:09:23 10:31:05, 233
, ['2', '3', '3']FLIR10140.jpg, 2022:09:23 10:31:19, 232 *
, ['2', '3', '2']FLIR10141.jpg, 2022:09:23 10:31:33, 234
, ['2', '3', '4']FLIR10142.jpg, 2022:09:23 10:31:49, 232 *
, ['2', '3', '2']FLIR10143.jpg, 2022:09:23 10:32:04, 232 *
, ['2', '3', '2']FLIR10144.jpg, 2022:09:23 10:32:17, 233
, ['2', '3', '3']FLIR10145.jpg, 2022:09:23 10:32:33, 231 7
, ['2', '3', '1', '7']FLIR10146.jpg, 2022:09:23 10:32:49, 230 *
, ['2', '3', '0']FLIR10147.jpg, 2022:09:23 10:33:04, 228 +
, ['2', '2', '8']FLIR10148.jpg, 2022:09:23 10:33:19, 227
, ['2', '2', '7']FLIR10149.jpg, 2022:09:23 10:33:34, 227
, ['2', '2', '7']FLIR10150.jpg, 2022:09:23 10:33:48, 227
, ['2', '2', '7']FLIR10151.jpg, 2022:09:23 10:34:04, 227
, ['2', '2', '7']FLIR10152.jpg, 2022:09:23 10:34:20, 227
, ['2', '2', '7']FLIR10153.jpg, 2022:09:23 10:34:33, 227
, ['2', '2', '7']FLIR10154.jpg, 2022:09:23 10:34:47, 228 +
, ['2', '2', '8']FLIR10155.jpg, 2022:09:23 10:35:10, 228 +
, ['2', '2', '8']FLIR10156.jpg, 2022:09:23 10:35:20, 229 +
, ['2', '2', '9']FLIR10157.jpg, 2022:09:23 10:35:33, 229 +
, ['2', '2', '9']FLIR10158.jpg, 2022:09:23 10:35:49, 229 +
, ['2', '2', '9']FLIR10159.jpg, 2022:09:23 10:36:03, 231 7
, ['2', '3', '1', '7']FLIR10160.jpg, 2022:09:23 10:36:20, 229 +
, ['2', '2', '9']FLIR10161.jpg, 2022:09:23 10:36:34, 227
, ['2', '2', '7']FLIR10162.jpg, 2022:09:23 10:36:48, 228 +
, ['2', '2', '8']FLIR10163.jpg, 2022:09:23 10:37:04, 228 +
, ['2', '2', '8']FLIR10164.jpg, 2022:09:23 10:37:19, 228 +
, ['2', '2', '8']FLIR10165.jpg, 2022:09:23 10:37:34, 228 +
, ['2', '2', '8']FLIR10166.jpg, 2022:09:23 10:37:48, 229 +
, ['2', '2', '9']FLIR10167.jpg, 2022:09:23 10:38:04, 230 *
, ['2', '3', '0']FLIR10168.jpg, 2022:09:23 10:38:19, 229 +
, ['2', '2', '9']FLIR10169.jpg, 2022:09:23 10:38:33, 229 +
, ['2', '2', '9']FLIR10170.jpg, 2022:09:23 10:38:49, 229 +
, ['2', '2', '9']FLIR10171.jpg, 2022:09:23 10:39:04, 229 +
, ['2', '2', '9']FLIR10172.jpg, 2022:09:23 10:39:19, 228 +
, ['2', '2', '8']FLIR10173.jpg, 2022:09:23 10:39:34, 228 +
, ['2', '2', '8']FLIR10174.jpg, 2022:09:23 10:39:46, *259
, ['2', '5', '9']FLIR10175.jpg, 2022:09:23 10:40:09, *266
, ['2', '6', '6']FLIR10176.jpg, 2022:09:23 10:40:18, *270
, ['2', '7', '0']FLIR10177.jpg, 2022:09:23 10:40:34, *273
, ['2', '7', '3']FLIR10178.jpg, 2022:09:23 10:40:48, *275
, ['2', '7', '5']FLIR10179.jpg, 2022:09:23 10:41:05, *275
, ['2', '7', '5']FLIR10180.jpg, 2022:09:23 10:41:18, *275
, ['2', '7', '5']FLIR10181.jpg, 2022:09:23 10:41:34, *276
, ['2', '7', '6']FLIR10182.jpg, 2022:09:23 10:41:48, *277
, ['2', '7', '7']FLIR10183.jpg, 2022:09:23 10:42:04, *277
, ['2', '7', '7']FLIR10184.jpg, 2022:09:23 10:42:16, *276
, ['2', '7', '6']FLIR10185.jpg, 2022:09:23 10:42:34, *275
, ['2', '7', '5']FLIR10186.jpg, 2022:09:23 10:42:48, *275
, ['2', '7', '5']FLIR10187.jpg, 2022:09:23 10:43:04, *272
, ['2', '7', '2']FLIR10188.jpg, 2022:09:23 10:43:18, *272
, ['2', '7', '2']FLIR10189.jpg, 2022:09:23 10:43:34, *273
, ['2', '7', '3']FLIR10190.jpg, 2022:09:23 10:43:48, *274
, ['2', '7', '4']FLIR10191.jpg, 2022:09:23 10:44:04, *273
, ['2', '7', '3']FLIR10192.jpg, 2022:09:23 10:44:18, *273
, ['2', '7', '3']FLIR10193.jpg, 2022:09:23 10:44:34, *273
, ['2', '7', '3']FLIR10194.jpg, 2022:09:23 10:44:46, *272
, ['2', '7', '2']FLIR10195.jpg, 2022:09:23 10:45:09, *272
, ['2', '7', '2']FLIR10196.jpg, 2022:09:23 10:45:18, *273
, ['2', '7', '3']FLIR10197.jpg, 2022:09:23 10:45:34, *272
, ['2', '7', '2']FLIR10198.jpg, 2022:09:23 10:45:48, *273
, ['2', '7', '3']FLIR10199.jpg, 2022:09:23 10:46:04, *271
, ['2', '7', '1']FLIR10200.jpg, 2022:09:23 10:46:18, *271
, ['2', '7', '1']FLIR10201.jpg, 2022:09:23 10:46:34, *269
, ['2', '6', '9']FLIR10202.jpg, 2022:09:23 10:46:48, *267
, ['2', '6', '7']FLIR10203.jpg, 2022:09:23 10:47:04, *267
, ['2', '6', '7']FLIR10204.jpg, 2022:09:23 10:47:19, *266
, ['2', '6', '6']FLIR10205.jpg, 2022:09:23 10:47:34, *265
, ['2', '6', '5']FLIR10206.jpg, 2022:09:23 10:47:49, *264
, ['2', '6', '4']FLIR10207.jpg, 2022:09:23 10:48:04, *264
, ['2', '6', '4']FLIR10208.jpg, 2022:09:23 10:48:18, *260
, ['2', '6', '0']FLIR10209.jpg, 2022:09:23 10:48:33, *258
, ['2', '5', '8']FLIR10210.jpg, 2022:09:23 10:48:49, *258
, ['2', '5', '8']FLIR10211.jpg, 2022:09:23 10:49:03, *258
, ['2', '5', '8']FLIR10212.jpg, 2022:09:23 10:49:19, *258
, ['2', '5', '8']FLIR10213.jpg, 2022:09:23 10:49:33, *259
, ['2', '5', '9']FLIR10214.jpg, 2022:09:23 10:49:49, *259
, ['2', '5', '9']FLIR10215.jpg, 2022:09:23 10:50:10, *260
, ['2', '6', '0']FLIR10216.jpg, 2022:09:23 10:50:19, *259
, ['2', '5', '9']FLIR10217.jpg, 2022:09:23 10:50:33, *259
, ['2', '5', '9']FLIR10218.jpg, 2022:09:23 10:50:50, *259
, ['2', '5', '9']FLIR10219.jpg, 2022:09:23 10:51:04, *260
, ['2', '6', '0']FLIR10220.jpg, 2022:09:23 10:51:18, *260
, ['2', '6', '0']FLIR10221.jpg, 2022:09:23 10:51:33, *261
, ['2', '6', '1']FLIR10222.jpg, 2022:09:23 10:51:49, *262
, ['2', '6', '2']FLIR10223.jpg, 2022:09:23 10:52:04, *263
, ['2', '6', '3']FLIR10224.jpg, 2022:09:23 10:52:18, *263
, ['2', '6', '3']FLIR10225.jpg, 2022:09:23 10:52:34, *265
, ['2', '6', '5']FLIR10226.jpg, 2022:09:23 10:52:50, *265
, ['2', '6', '5']FLIR10227.jpg, 2022:09:23 10:53:04, *266
, ['2', '6', '6']FLIR10228.jpg, 2022:09:23 10:53:18, *266
, ['2', '6', '6']FLIR10229.jpg, 2022:09:23 10:53:34, *263
, ['2', '6', '3']FLIR10230.jpg, 2022:09:23 10:53:48, *259
, ['2', '5', '9']FLIR10231.jpg, 2022:09:23 10:54:04, *257
, ['2', '5', '7']FLIR10232.jpg, 2022:09:23 10:54:18, *256
, ['2', '5', '6']FLIR10233.jpg, 2022:09:23 10:54:34, *255
, ['2', '5', '5']FLIR10234.jpg, 2022:09:23 10:54:48, *254
, ['2', '5', '4']FLIR10235.jpg, 2022:09:23 10:55:10, *254
, ['2', '5', '4']FLIR10236.jpg, 2022:09:23 10:55:18, *252
, ['2', '5', '2']FLIR10237.jpg, 2022:09:23 10:55:34, *251
, ['2', '5', '1']FLIR10238.jpg, 2022:09:23 10:55:49, *249
, ['2', '4', '9']FLIR10239.jpg, 2022:09:23 10:56:04, 248 +
, ['2', '4', '8']FLIR10240.jpg, 2022:09:23 10:56:18, 247
, ['2', '4', '7']FLIR10241.jpg, 2022:09:23 10:56:34, 245
, ['2', '4', '5']FLIR10242.jpg, 2022:09:23 10:56:50, 243 F
, ['2', '4', '3']FLIR10243.jpg, 2022:09:23 10:57:04, 242 *
, ['2', '4', '2']FLIR10244.jpg, 2022:09:23 10:57:18, 241 F
, ['2', '4', '1']FLIR10245.jpg, 2022:09:23 10:57:35, 240 +
, ['2', '4', '0']FLIR10246.jpg, 2022:09:23 10:57:49, 238
, ['2', '3', '8']FLIR10247.jpg, 2022:09:23 10:58:03, 237
, ['2', '3', '7']FLIR10248.jpg, 2022:09:23 10:58:19, 236
, ['2', '3', '6']FLIR10249.jpg, 2022:09:23 10:58:35, 236
, ['2', '3', '6']FLIR10250.jpg, 2022:09:23 10:58:49, 234
, ['2', '3', '4']FLIR10251.jpg, 2022:09:23 10:59:03, 233
, ['2', '3', '3']FLIR10252.jpg, 2022:09:23 10:59:19, 231 7
, ['2', '3', '1', '7']FLIR10253.jpg, 2022:09:23 10:59:33, 231 7
, ['2', '3', '1', '7']FLIR10254.jpg, 2022:09:23 10:59:49, 232 *
, ['2', '3', '2']FLIR10255.jpg, 2022:09:23 11:00:10, 231 7
, ['2', '3', '1', '7']FLIR10256.jpg, 2022:09:23 11:00:19, 231 7
, ['2', '3', '1', '7']FLIR10257.jpg, 2022:09:23 11:00:33, 231 7
, ['2', '3', '1', '7']FLIR10258.jpg, 2022:09:23 11:00:49, 231 7
, ['2', '3', '1', '7']FLIR10259.jpg, 2022:09:23 11:01:03, 230 *
, ['2', '3', '0']FLIR10260.jpg, 2022:09:23 11:01:19, 230 *
, ['2', '3', '0']FLIR10261.jpg, 2022:09:23 11:01:33, 231 7
, ['2', '3', '1', '7']FLIR10262.jpg, 2022:09:23 11:01:49, 231 7
, ['2', '3', '1', '7']FLIR10263.jpg, 2022:09:23 11:02:04, 231 7
, ['2', '3', '1', '7']FLIR10264.jpg, 2022:09:23 11:02:19, 232 *
, ['2', '3', '2']FLIR10265.jpg, 2022:09:23 11:02:33, 232 *
, ['2', '3', '2']FLIR10266.jpg, 2022:09:23 11:02:49, 233
, ['2', '3', '3']FLIR10267.jpg, 2022:09:23 11:03:04, 233
, ['2', '3', '3']FLIR10268.jpg, 2022:09:23 11:03:19, 234
, ['2', '3', '4']FLIR10269.jpg, 2022:09:23 11:03:33, 234
, ['2', '3', '4']FLIR10270.jpg, 2022:09:23 11:03:49, 235 +
, ['2', '3', '5']FLIR10271.jpg, 2022:09:23 11:04:04, 235 +
, ['2', '3', '5']FLIR10272.jpg, 2022:09:23 11:04:19, 235 +
, ['2', '3', '5']FLIR10273.jpg, 2022:09:23 11:04:34, 236
, ['2', '3', '6']FLIR10274.jpg, 2022:09:23 11:04:49, 235 +
, ['2', '3', '5']FLIR10275.jpg, 2022:09:23 11:05:10, 235 +
, ['2', '3', '5']FLIR10276.jpg, 2022:09:23 11:05:18, 235 +
, ['2', '3', '5']FLIR10277.jpg, 2022:09:23 11:05:34, 235 +
, ['2', '3', '5']FLIR10278.jpg, 2022:09:23 11:05:48, 236
, ['2', '3', '6']FLIR10279.jpg, 2022:09:23 11:06:04, 235 +
, ['2', '3', '5']FLIR10280.jpg, 2022:09:23 11:06:19, 234
, ['2', '3', '4']FLIR10281.jpg, 2022:09:23 11:06:34, 235 +
, ['2', '3', '5']FLIR10282.jpg, 2022:09:23 11:06:48, 236
, ['2', '3', '6']FLIR10283.jpg, 2022:09:23 11:07:04, 238
, ['2', '3', '8']FLIR10284.jpg, 2022:09:23 11:07:18, 238
, ['2', '3', '8']FLIR10285.jpg, 2022:09:23 11:07:34, 238
, ['2', '3', '8']FLIR10286.jpg, 2022:09:23 11:07:48, 239
, ['2', '3', '9']FLIR10287.jpg, 2022:09:23 11:08:04, 240 +
, ['2', '4', '0']FLIR10288.jpg, 2022:09:23 11:08:19, 241 F
, ['2', '4', '1']FLIR10289.jpg, 2022:09:23 11:08:33, 241 F
, ['2', '4', '1']FLIR10290.jpg, 2022:09:23 11:08:49, 241 F
, ['2', '4', '1']FLIR10291.jpg, 2022:09:23 11:09:03, 242 *
, ['2', '4', '2']FLIR10292.jpg, 2022:09:23 11:09:19, 242 *
, ['2', '4', '2']FLIR10293.jpg, 2022:09:23 11:09:33, 245
, ['2', '4', '5']FLIR10294.jpg, 2022:09:23 11:09:49, 245
, ['2', '4', '5']FLIR10295.jpg, 2022:09:23 11:10:10, 245
, ['2', '4', '5']FLIR10296.jpg, 2022:09:23 11:10:19, 245
, ['2', '4', '5']FLIR10297.jpg, 2022:09:23 11:10:34, 245
, ['2', '4', '5']FLIR10298.jpg, 2022:09:23 11:10:49, 244%
, ['2', '4', '4']FLIR10299.jpg, 2022:09:23 11:11:04, 243 F
, ['2', '4', '3']FLIR10300.jpg, 2022:09:23 11:11:19, 243 F
, ['2', '4', '3']FLIR10301.jpg, 2022:09:23 11:11:34, 243 F
, ['2', '4', '3']FLIR10302.jpg, 2022:09:23 11:11:49, 243 F
, ['2', '4', '3']FLIR10303.jpg, 2022:09:23 11:12:04, 242 *
, ['2', '4', '2']FLIR10304.jpg, 2022:09:23 11:12:18, 242 *
, ['2', '4', '2']FLIR10305.jpg, 2022:09:23 11:12:34, 242 *
, ['2', '4', '2']FLIR10306.jpg, 2022:09:23 11:12:48, 244%
, ['2', '4', '4']FLIR10307.jpg, 2022:09:23 11:13:04, 244%
, ['2', '4', '4']FLIR10308.jpg, 2022:09:23 11:13:18, 244%
, ['2', '4', '4']FLIR10309.jpg, 2022:09:23 11:13:34, 244%
, ['2', '4', '4']FLIR10310.jpg, 2022:09:23 11:13:48, 245
, ['2', '4', '5']FLIR10311.jpg, 2022:09:23 11:14:04, 245
, ['2', '4', '5']FLIR10312.jpg, 2022:09:23 11:14:18, 245
, ['2', '4', '5']FLIR10313.jpg, 2022:09:23 11:14:34, 244%
, ['2', '4', '4']FLIR10314.jpg, 2022:09:23 11:14:48, 244%
, ['2', '4', '4']FLIR10315.jpg, 2022:09:23 11:15:09, 245
, ['2', '4', '5']FLIR10316.jpg, 2022:09:23 11:15:18, 244%
, ['2', '4', '4']FLIR10317.jpg, 2022:09:23 11:15:34, 243 F
, ['2', '4', '3']FLIR10318.jpg, 2022:09:23 11:15:49, 242 *
, ['2', '4', '2']FLIR10319.jpg, 2022:09:23 11:16:04, 243 F
, ['2', '4', '3']FLIR10320.jpg, 2022:09:23 11:16:18, 242 *
, ['2', '4', '2']FLIR10321.jpg, 2022:09:23 11:16:34, 241 F
, ['2', '4', '1']FLIR10322.jpg, 2022:09:23 11:16:49, 242 *
, ['2', '4', '2']FLIR10323.jpg, 2022:09:23 11:17:03, 242 *
, ['2', '4', '2']FLIR10324.jpg, 2022:09:23 11:17:19, 241 F
, ['2', '4', '1']FLIR10325.jpg, 2022:09:23 11:17:33, 238
, ['2', '3', '8']FLIR10326.jpg, 2022:09:23 11:17:49, 238
, ['2', '3', '8']FLIR10327.jpg, 2022:09:23 11:18:03, 237
, ['2', '3', '7']FLIR10328.jpg, 2022:09:23 11:18:19, 236
, ['2', '3', '6']FLIR10329.jpg, 2022:09:23 11:18:34, 235 +
, ['2', '3', '5']FLIR10330.jpg, 2022:09:23 11:18:49, 235 +
, ['2', '3', '5']FLIR10331.jpg, 2022:09:23 11:19:04, 233
, ['2', '3', '3']FLIR10332.jpg, 2022:09:23 11:19:18, 233
, ['2', '3', '3']FLIR10333.jpg, 2022:09:23 11:19:31, 231 7
, ['2', '3', '1', '7']FLIR10334.jpg, 2022:09:23 11:19:49, 233
, ['2', '3', '3']FLIR10335.jpg, 2022:09:23 11:20:09, 234
, ['2', '3', '4']FLIR10336.jpg, 2022:09:23 11:20:19, 234
, ['2', '3', '4']FLIR10337.jpg, 2022:09:23 11:20:34, 234
, ['2', '3', '4']FLIR10338.jpg, 2022:09:23 11:20:48, 235 +
, ['2', '3', '5']FLIR10339.jpg, 2022:09:23 11:21:04, 234
, ['2', '3', '4']FLIR10340.jpg, 2022:09:23 11:21:19, 233
, ['2', '3', '3']FLIR10341.jpg, 2022:09:23 11:21:34, 233
, ['2', '3', '3']FLIR10342.jpg, 2022:09:23 11:21:49, 233
, ['2', '3', '3']FLIR10343.jpg, 2022:09:23 11:22:01, 233
, ['2', '3', '3']FLIR10344.jpg, 2022:09:23 11:22:19, 233
, ['2', '3', '3']FLIR10345.jpg, 2022:09:23 11:22:33, 234
, ['2', '3', '4']FLIR10346.jpg, 2022:09:23 11:22:49, 234
, ['2', '3', '4']FLIR10347.jpg, 2022:09:23 11:23:04, 234
, ['2', '3', '4']FLIR10348.jpg, 2022:09:23 11:23:19, 234
, ['2', '3', '4']FLIR10349.jpg, 2022:09:23 11:23:33, 233
, ['2', '3', '3']FLIR10350.jpg, 2022:09:23 11:23:49, 234
, ['2', '3', '4']FLIR10351.jpg, 2022:09:23 11:24:03, 239
, ['2', '3', '9']FLIR10352.jpg, 2022:09:23 11:24:19, 241 F
, ['2', '4', '1']FLIR10353.jpg, 2022:09:23 11:24:31, 241 F
, ['2', '4', '1']FLIR10354.jpg, 2022:09:23 11:24:49, 241 F
, ['2', '4', '1']FLIR10355.jpg, 2022:09:23 11:25:10, 242 *
, ['2', '4', '2']FLIR10356.jpg, 2022:09:23 11:25:19, 240 +
, ['2', '4', '0']FLIR10357.jpg, 2022:09:23 11:25:34, 238
, ['2', '3', '8']FLIR10358.jpg, 2022:09:23 11:25:48, 238
, ['2', '3', '8']FLIR10359.jpg, 2022:09:23 11:26:03, 236
, ['2', '3', '6']FLIR10360.jpg, 2022:09:23 11:26:21, 236
, ['2', '3', '6']FLIR10361.jpg, 2022:09:23 11:26:34, 236
, ['2', '3', '6']FLIR10362.jpg, 2022:09:23 11:26:49, 238
, ['2', '3', '8']FLIR10363.jpg, 2022:09:23 11:27:01, 239
, ['2', '3', '9']FLIR10364.jpg, 2022:09:23 11:27:19, 239
, ['2', '3', '9']FLIR10365.jpg, 2022:09:23 11:27:33, 237
, ['2', '3', '7']FLIR10366.jpg, 2022:09:23 11:27:49, 235 +
, ['2', '3', '5']FLIR10367.jpg, 2022:09:23 11:28:03, 236
, ['2', '3', '6']FLIR10368.jpg, 2022:09:23 11:28:20, 237
, ['2', '3', '7']FLIR10369.jpg, 2022:09:23 11:28:33, 236
, ['2', '3', '6']FLIR10370.jpg, 2022:09:23 11:28:49, 235 +
, ['2', '3', '5']FLIR10371.jpg, 2022:09:23 11:29:03, 237
, ['2', '3', '7']FLIR10372.jpg, 2022:09:23 11:29:19, 239
, ['2', '3', '9']FLIR10373.jpg, 2022:09:23 11:29:31, 238
, ['2', '3', '8']FLIR10374.jpg, 2022:09:23 11:29:49, 240 +
, ['2', '4', '0']FLIR10375.jpg, 2022:09:23 11:30:09, 241 F
, ['2', '4', '1']FLIR10376.jpg, 2022:09:23 11:30:19, 242 *
, ['2', '4', '2']FLIR10377.jpg, 2022:09:23 11:30:34, 242 *
, ['2', '4', '2']FLIR10378.jpg, 2022:09:23 11:30:49, 242 *
, ['2', '4', '2']FLIR10379.jpg, 2022:09:23 11:31:04, 243 F
, ['2', '4', '3']FLIR10380.jpg, 2022:09:23 11:31:19, 246 F
, ['2', '4', '6']FLIR10381.jpg, 2022:09:23 11:31:34, 247
, ['2', '4', '7']FLIR10382.jpg, 2022:09:23 11:31:49, 248
, ['2', '4', '8']FLIR10383.jpg, 2022:09:23 11:32:05, *251
, ['2', '5', '1']FLIR10384.jpg, 2022:09:23 11:32:19, *254
, ['2', '5', '4']FLIR10385.jpg, 2022:09:23 11:32:33, *255
, ['2', '5', '5']FLIR10386.jpg, 2022:09:23 11:32:49, *257
, ['2', '5', '7']FLIR10387.jpg, 2022:09:23 11:33:05, *258
, ['2', '5', '8']FLIR10388.jpg, 2022:09:23 11:33:19, *260
, ['2', '6', '0']FLIR10389.jpg, 2022:09:23 11:33:33, *264
, ['2', '6', '4']FLIR10390.jpg, 2022:09:23 11:33:49, *267
, ['2', '6', '7']FLIR10391.jpg, 2022:09:23 11:34:03, *267
, ['2', '6', '7']FLIR10392.jpg, 2022:09:23 11:34:19, *269
, ['2', '6', '9']FLIR10393.jpg, 2022:09:23 11:34:31, *270
, ['2', '7', '0']FLIR10394.jpg, 2022:09:23 11:34:49, *271
, ['2', '7', '1']FLIR10395.jpg, 2022:09:23 11:35:09, *273
, ['2', '7', '3']FLIR10396.jpg, 2022:09:23 11:35:18, *278
, ['2', '7', '8']FLIR10397.jpg, 2022:09:23 11:35:34, *276
, ['2', '7', '6']FLIR10398.jpg, 2022:09:23 11:35:49, *275
, ['2', '7', '5']FLIR10399.jpg, 2022:09:23 11:36:05, *275
, ['2', '7', '5']FLIR10400.jpg, 2022:09:23 11:36:19, *269
, ['2', '6', '9']FLIR10401.jpg, 2022:09:23 11:36:34, *272
, ['2', '7', '2']FLIR10402.jpg, 2022:09:23 11:36:49, *268
, ['2', '6', '8']FLIR10403.jpg, 2022:09:23 11:37:05, *270
, ['2', '7', '0']FLIR10404.jpg, 2022:09:23 11:37:19, *267
, ['2', '6', '7']FLIR10405.jpg, 2022:09:23 11:37:33, *269
, ['2', '6', '9']FLIR10406.jpg, 2022:09:23 11:37:49, *267
, ['2', '6', '7']FLIR10407.jpg, 2022:09:23 11:38:03, *266
, ['2', '6', '6']FLIR10408.jpg, 2022:09:23 11:38:19, *265
, ['2', '6', '5']FLIR10409.jpg, 2022:09:23 11:38:34, *265
, ['2', '6', '5']FLIR10410.jpg, 2022:09:23 11:38:49, *263
, ['2', '6', '3']FLIR10411.jpg, 2022:09:23 11:39:04, *258
, ['2', '5', '8']FLIR10412.jpg, 2022:09:23 11:39:18, *256
, ['2', '5', '6']FLIR10413.jpg, 2022:09:23 11:39:34, *255
, ['2', '5', '5']FLIR10414.jpg, 2022:09:23 11:39:49, *282
, ['2', '8', '2']FLIR10415.jpg, 2022:09:23 11:40:10, *280
, ['2', '8', '0']FLIR10416.jpg, 2022:09:23 11:40:19, *282
, ['2', '8', '2']FLIR10417.jpg, 2022:09:23 11:40:33, *280
, ['2', '8', '0']FLIR10418.jpg, 2022:09:23 11:40:49, *280
, ['2', '8', '0']FLIR10419.jpg, 2022:09:23 11:41:03, *278
, ['2', '7', '8']FLIR10420.jpg, 2022:09:23 11:41:19, *276
, ['2', '7', '6']FLIR10421.jpg, 2022:09:23 11:41:34, *278
, ['2', '7', '8']FLIR10422.jpg, 2022:09:23 11:41:49, *276
, ['2', '7', '6']FLIR10423.jpg, 2022:09:23 11:42:04, *277
, ['2', '7', '7']FLIR10424.jpg, 2022:09:23 11:42:19, *273
, ['2', '7', '3']FLIR10425.jpg, 2022:09:23 11:42:33, *265
, ['2', '6', '5']FLIR10426.jpg, 2022:09:23 11:42:49, *258
, ['2', '5', '8']FLIR10427.jpg, 2022:09:23 11:43:03, *252
, ['2', '5', '2']FLIR10428.jpg, 2022:09:23 11:43:19, 248
, ['2', '4', '8']FLIR10429.jpg, 2022:09:23 11:43:33, 246 F
, ['2', '4', '6']FLIR10430.jpg, 2022:09:23 11:43:49, 246 F
, ['2', '4', '6']FLIR10431.jpg, 2022:09:23 11:44:03, 243 F
, ['2', '4', '3']FLIR10432.jpg, 2022:09:23 11:44:19, 238
, ['2', '3', '8']FLIR10433.jpg, 2022:09:23 11:44:32, 237
, ['2', '3', '7']FLIR10434.jpg, 2022:09:23 11:44:49, 234
, ['2', '3', '4']FLIR10435.jpg, 2022:09:23 11:45:10, 229 +
, ['2', '2', '9']FLIR10436.jpg, 2022:09:23 11:45:19, 227
, ['2', '2', '7']FLIR10437.jpg, 2022:09:23 11:45:33, 225 +
, ['2', '2', '5']FLIR10438.jpg, 2022:09:23 11:45:49, 224
, ['2', '2', '4']FLIR10439.jpg, 2022:09:23 11:46:04, 224
, ['2', '2', '4']FLIR10440.jpg, 2022:09:23 11:46:19, 222 +
, ['2', '2', '2']FLIR10441.jpg, 2022:09:23 11:46:34, 222 +
, ['2', '2', '2']FLIR10442.jpg, 2022:09:23 11:46:48, 222 +
, ['2', '2', '2']FLIR10443.jpg, 2022:09:23 11:47:01, 222 +
, ['2', '2', '2']FLIR10444.jpg, 2022:09:23 11:47:18, 223 *
, ['2', '2', '3']FLIR10445.jpg, 2022:09:23 11:47:34, 223 *
, ['2', '2', '3']FLIR10446.jpg, 2022:09:23 11:47:48, 222 +
, ['2', '2', '2']FLIR10447.jpg, 2022:09:23 11:48:04, 223 *
, ['2', '2', '3']FLIR10448.jpg, 2022:09:23 11:48:19, 222 +
, ['2', '2', '2']FLIR10449.jpg, 2022:09:23 11:48:34, 223 *
, ['2', '2', '3']FLIR10450.jpg, 2022:09:23 11:48:49, 223 *
, ['2', '2', '3']FLIR10451.jpg, 2022:09:23 11:49:04, 222 +
, ['2', '2', '2']FLIR10452.jpg, 2022:09:23 11:49:19, 224
, ['2', '2', '4']FLIR10453.jpg, 2022:09:23 11:49:32, 224
, ['2', '2', '4']FLIR10454.jpg, 2022:09:23 11:49:49, 225 +
, ['2', '2', '5']FLIR10455.jpg, 2022:09:23 11:50:10, 226 F
, ['2', '2', '6']FLIR10456.jpg, 2022:09:23 11:50:19, 226 F
, ['2', '2', '6']FLIR10457.jpg, 2022:09:23 11:50:34, 226 F
, ['2', '2', '6']FLIR10458.jpg, 2022:09:23 11:50:49, 227
, ['2', '2', '7']FLIR10459.jpg, 2022:09:23 11:51:03, 229 +
, ['2', '2', '9']FLIR10460.jpg, 2022:09:23 11:51:19, 229 +
, ['2', '2', '9']FLIR10461.jpg, 2022:09:23 11:51:34, 231 7
, ['2', '3', '1', '7']FLIR10462.jpg, 2022:09:23 11:51:49, 231 7
, ['2', '3', '1', '7']FLIR10463.jpg, 2022:09:23 11:52:02, 232 *
, ['2', '3', '2']FLIR10464.jpg, 2022:09:23 11:52:18, 233
, ['2', '3', '3']FLIR10465.jpg, 2022:09:23 11:52:34, 233
, ['2', '3', '3']FLIR10466.jpg, 2022:09:23 11:52:48, 234
, ['2', '3', '4']FLIR10467.jpg, 2022:09:23 11:53:04, 234
, ['2', '3', '4']FLIR10468.jpg, 2022:09:23 11:53:19, 234
, ['2', '3', '4']FLIR10469.jpg, 2022:09:23 11:53:34, 233
, ['2', '3', '3']FLIR10470.jpg, 2022:09:23 11:53:50, 234
, ['2', '3', '4']FLIR10471.jpg, 2022:09:23 11:54:05, 236
, ['2', '3', '6']FLIR10472.jpg, 2022:09:23 11:54:19, 235 +
, ['2', '3', '5']FLIR10473.jpg, 2022:09:23 11:54:31, 235 +
, ['2', '3', '5']FLIR10474.jpg, 2022:09:23 11:54:49, 238
, ['2', '3', '8']FLIR10475.jpg, 2022:09:23 11:55:10, 240 +
, ['2', '4', '0']FLIR10476.jpg, 2022:09:23 11:55:19, 244%
, ['2', '4', '4']FLIR10477.jpg, 2022:09:23 11:55:34, 244%
, ['2', '4', '4']FLIR10478.jpg, 2022:09:23 11:55:51, 245
, ['2', '4', '5']FLIR10479.jpg, 2022:09:23 11:56:04, 246 F
, ['2', '4', '6']FLIR10480.jpg, 2022:09:23 11:56:19, 245
, ['2', '4', '5']FLIR10481.jpg, 2022:09:23 11:56:35, 245
, ['2', '4', '5']FLIR10482.jpg, 2022:09:23 11:56:49, 245
, ['2', '4', '5']FLIR10483.jpg, 2022:09:23 11:57:01, 244%
, ['2', '4', '4']FLIR10484.jpg, 2022:09:23 11:57:18, 243 F
, ['2', '4', '3']FLIR10485.jpg, 2022:09:23 11:57:34, 245
, ['2', '4', '5']FLIR10486.jpg, 2022:09:23 11:57:49, 242 *
, ['2', '4', '2']FLIR10487.jpg, 2022:09:23 11:58:04, 243 F
, ['2', '4', '3']FLIR10488.jpg, 2022:09:23 11:58:18, 243 F
, ['2', '4', '3']FLIR10489.jpg, 2022:09:23 11:58:34, 245
, ['2', '4', '5']FLIR10490.jpg, 2022:09:23 11:58:49, 245
, ['2', '4', '5']FLIR10491.jpg, 2022:09:23 11:59:04, 245
, ['2', '4', '5']FLIR10492.jpg, 2022:09:23 11:59:19, 245
, ['2', '4', '5']FLIR10493.jpg, 2022:09:23 11:59:31, 245
, ['2', '4', '5']FLIR10494.jpg, 2022:09:23 11:59:49, 242 *
, ['2', '4', '2']FLIR10495.jpg, 2022:09:23 12:00:10, 243 F
, ['2', '4', '3']FLIR10496.jpg, 2022:09:23 12:00:19, 247
, ['2', '4', '7']FLIR10497.jpg, 2022:09:23 12:00:33, 248 +
, ['2', '4', '8']FLIR10498.jpg, 2022:09:23 12:00:49, 249 *
, ['2', '4', '9']FLIR10499.jpg, 2022:09:23 12:01:04, *249
, ['2', '4', '9']FLIR10500.jpg, 2022:09:23 12:01:19, 247
, ['2', '4', '7']FLIR10501.jpg, 2022:09:23 12:01:34, 245
, ['2', '4', '5']FLIR10502.jpg, 2022:09:23 12:01:49, 245
, ['2', '4', '5']FLIR10503.jpg, 2022:09:23 12:02:04, *249
, ['2', '4', '9']FLIR10504.jpg, 2022:09:23 12:02:18, *250
, ['2', '5', '0']FLIR10505.jpg, 2022:09:23 12:02:34, 249 *
, ['2', '4', '9']FLIR10506.jpg, 2022:09:23 12:02:49, 245
, ['2', '4', '5']FLIR10507.jpg, 2022:09:23 12:03:04, 246 F
, ['2', '4', '6']FLIR10508.jpg, 2022:09:23 12:03:18, 247
, ['2', '4', '7']FLIR10509.jpg, 2022:09:23 12:03:34, 246 F
, ['2', '4', '6']FLIR10510.jpg, 2022:09:23 12:03:49, 245
, ['2', '4', '5']FLIR10511.jpg, 2022:09:23 12:04:04, 245
, ['2', '4', '5']FLIR10512.jpg, 2022:09:23 12:04:18, 246 F
, ['2', '4', '6']FLIR10513.jpg, 2022:09:23 12:04:34, 247
, ['2', '4', '7']FLIR10514.jpg, 2022:09:23 12:04:49, 245
, ['2', '4', '5']FLIR10515.jpg, 2022:09:23 12:05:09, 242 *
, ['2', '4', '2']FLIR10516.jpg, 2022:09:23 12:05:19, 242 *
, ['2', '4', '2']FLIR10517.jpg, 2022:09:23 12:05:34, 242 *
, ['2', '4', '2']FLIR10518.jpg, 2022:09:23 12:05:49, 242 *
, ['2', '4', '2']FLIR10519.jpg, 2022:09:23 12:06:03, 243 F
, ['2', '4', '3']FLIR10520.jpg, 2022:09:23 12:06:19, 245
, ['2', '4', '5']FLIR10521.jpg, 2022:09:23 12:06:33, 247
, ['2', '4', '7']FLIR10522.jpg, 2022:09:23 12:06:49, 245
, ['2', '4', '5']FLIR10523.jpg, 2022:09:23 12:07:05, 245
, ['2', '4', '5']FLIR10524.jpg, 2022:09:23 12:07:19, 244%
, ['2', '4', '4']FLIR10525.jpg, 2022:09:23 12:07:34, 244%
, ['2', '4', '4']FLIR10526.jpg, 2022:09:23 12:07:49, 245
, ['2', '4', '5']FLIR10527.jpg, 2022:09:23 12:08:04, *251
, ['2', '5', '1']FLIR10528.jpg, 2022:09:23 12:08:18, *253
, ['2', '5', '3']FLIR10529.jpg, 2022:09:23 12:08:34, *254
, ['2', '5', '4']FLIR10530.jpg, 2022:09:23 12:08:49, *255
, ['2', '5', '5']FLIR10531.jpg, 2022:09:23 12:09:04, *257
, ['2', '5', '7']FLIR10532.jpg, 2022:09:23 12:09:19, *255
, ['2', '5', '5']FLIR10533.jpg, 2022:09:23 12:09:32, *253
, ['2', '5', '3']FLIR10534.jpg, 2022:09:23 12:09:49, *252
, ['2', '5', '2']FLIR10535.jpg, 2022:09:23 12:10:10, *250
, ['2', '5', '0']FLIR10536.jpg, 2022:09:23 12:10:19, *250
, ['2', '5', '0']FLIR10537.jpg, 2022:09:23 12:10:34, 248 +
, ['2', '4', '8']FLIR10538.jpg, 2022:09:23 12:10:48, 246 F
, ['2', '4', '6']FLIR10539.jpg, 2022:09:23 12:11:04, 246 F
, ['2', '4', '6']FLIR10540.jpg, 2022:09:23 12:11:19, 246 F
, ['2', '4', '6']FLIR10541.jpg, 2022:09:23 12:11:34, 246 F
, ['2', '4', '6']FLIR10542.jpg, 2022:09:23 12:11:49, 244%
, ['2', '4', '4']FLIR10543.jpg, 2022:09:23 12:12:02, 243 F
, ['2', '4', '3']FLIR10544.jpg, 2022:09:23 12:12:18, 245
, ['2', '4', '5']FLIR10545.jpg, 2022:09:23 12:12:34, 247
, ['2', '4', '7']FLIR10546.jpg, 2022:09:23 12:12:49, 248 +
, ['2', '4', '8']FLIR10547.jpg, 2022:09:23 12:13:04, 248 +
, ['2', '4', '8']FLIR10548.jpg, 2022:09:23 12:13:19, 247
, ['2', '4', '7']FLIR10549.jpg, 2022:09:23 12:13:34, *255
, ['2', '5', '5']FLIR10550.jpg, 2022:09:23 12:13:49, *261
, ['2', '6', '1']FLIR10551.jpg, 2022:09:23 12:14:04, 256 *
, ['2', '5', '6']FLIR10552.jpg, 2022:09:23 12:14:19, *252
, ['2', '5', '2']FLIR10553.jpg, 2022:09:23 12:14:31, *252
, ['2', '5', '2']FLIR10554.jpg, 2022:09:23 12:14:49, *252
, ['2', '5', '2']FLIR10555.jpg, 2022:09:23 12:15:11, *252
, ['2', '5', '2']FLIR10556.jpg, 2022:09:23 12:15:19, *249
, ['2', '4', '9']FLIR10557.jpg, 2022:09:23 12:15:33, 245
, ['2', '4', '5']FLIR10558.jpg, 2022:09:23 12:15:49, 244%
, ['2', '4', '4']FLIR10559.jpg, 2022:09:23 12:16:04, 247
, ['2', '4', '7']FLIR10560.jpg, 2022:09:23 12:16:19, 247
, ['2', '4', '7']FLIR10561.jpg, 2022:09:23 12:16:33, 247
, ['2', '4', '7']FLIR10562.jpg, 2022:09:23 12:16:49, 247
, ['2', '4', '7']FLIR10563.jpg, 2022:09:23 12:17:04, 246 F
, ['2', '4', '6']FLIR10564.jpg, 2022:09:23 12:17:19, 246 F
, ['2', '4', '6']FLIR10565.jpg, 2022:09:23 12:17:34, 245
, ['2', '4', '5']FLIR10566.jpg, 2022:09:23 12:17:50, 243 F
, ['2', '4', '3']FLIR10567.jpg, 2022:09:23 12:18:04, 246 F
, ['2', '4', '6']FLIR10568.jpg, 2022:09:23 12:18:19, 245
, ['2', '4', '5']FLIR10569.jpg, 2022:09:23 12:18:34, 240 +
, ['2', '4', '0']FLIR10570.jpg, 2022:09:23 12:18:50, 242 *
, ['2', '4', '2']FLIR10571.jpg, 2022:09:23 12:19:03, 241 F
, ['2', '4', '1']FLIR10572.jpg, 2022:09:23 12:19:19, 231 7
, ['2', '3', '1', '7']FLIR10573.jpg, 2022:09:23 12:19:32, 227
, ['2', '2', '7']FLIR10574.jpg, 2022:09:23 12:19:49, 229 +
, ['2', '2', '9']FLIR10575.jpg, 2022:09:23 12:20:11, 228 +
, ['2', '2', '8']FLIR10576.jpg, 2022:09:23 12:20:19, 229 +
, ['2', '2', '9']FLIR10577.jpg, 2022:09:23 12:20:36, 231 7
, ['2', '3', '1', '7']FLIR10578.jpg, 2022:09:23 12:20:49, 236
, ['2', '3', '6']FLIR10579.jpg, 2022:09:23 12:21:04, 234
, ['2', '3', '4']FLIR10580.jpg, 2022:09:23 12:21:19, 236
, ['2', '3', '6']FLIR10581.jpg, 2022:09:23 12:21:34, 243 F
, ['2', '4', '3']FLIR10582.jpg, 2022:09:23 12:21:51, 245
, ['2', '4', '5']FLIR10583.jpg, 2022:09:23 12:22:02, 237
, ['2', '3', '7']FLIR10584.jpg, 2022:09:23 12:22:19, 234
, ['2', '3', '4']FLIR10585.jpg, 2022:09:23 12:22:36, 232 *
, ['2', '3', '2']FLIR10586.jpg, 2022:09:23 12:22:49, 236
, ['2', '3', '6']FLIR10587.jpg, 2022:09:23 12:23:04, 234
, ['2', '3', '4']FLIR10588.jpg, 2022:09:23 12:23:19, 236
, ['2', '3', '6']FLIR10589.jpg, 2022:09:23 12:23:35, 236
, ['2', '3', '6']FLIR10590.jpg, 2022:09:23 12:23:49, 234
, ['2', '3', '4']FLIR10591.jpg, 2022:09:23 12:24:04, 232 *
, ['2', '3', '2']FLIR10592.jpg, 2022:09:23 12:24:19, 227
, ['2', '2', '7']FLIR10593.jpg, 2022:09:23 12:24:32, 225 +
, ['2', '2', '5']FLIR10594.jpg, 2022:09:23 12:24:49, 224
, ['2', '2', '4']FLIR10595.jpg, 2022:09:23 12:25:10, 226 F
, ['2', '2', '6']FLIR10596.jpg, 2022:09:23 12:25:19, 224
, ['2', '2', '4']FLIR10597.jpg, 2022:09:23 12:25:35, 225 +
, ['2', '2', '5']FLIR10598.jpg, 2022:09:23 12:25:49, 229 +
, ['2', '2', '9']FLIR10599.jpg, 2022:09:23 12:26:04, 228 +
, ['2', '2', '8']FLIR10600.jpg, 2022:09:23 12:26:19, 229 +
, ['2', '2', '9']FLIR10601.jpg, 2022:09:23 12:26:35, 231 7
, ['2', '3', '1', '7']FLIR10602.jpg, 2022:09:23 12:26:49, 228 +
, ['2', '2', '8']FLIR10603.jpg, 2022:09:23 12:27:04, 225 +
, ['2', '2', '5']FLIR10604.jpg, 2022:09:23 12:27:19, 222 +
, ['2', '2', '2']FLIR10605.jpg, 2022:09:23 12:27:35, 225 +
, ['2', '2', '5']FLIR10606.jpg, 2022:09:23 12:27:49, 229 +
, ['2', '2', '9']FLIR10607.jpg, 2022:09:23 12:28:04, 229 +
, ['2', '2', '9']FLIR10608.jpg, 2022:09:23 12:28:19, 230 *
, ['2', '3', '0']FLIR10609.jpg, 2022:09:23 12:28:35, 233
, ['2', '3', '3']FLIR10610.jpg, 2022:09:23 12:28:49, 234
, ['2', '3', '4']FLIR10611.jpg, 2022:09:23 12:29:03, 235 +
, ['2', '3', '5']FLIR10612.jpg, 2022:09:23 12:29:19, 229 +
, ['2', '2', '9']FLIR10613.jpg, 2022:09:23 12:29:34, 227
, ['2', '2', '7']FLIR10614.jpg, 2022:09:23 12:29:49, 227
, ['2', '2', '7']FLIR10615.jpg, 2022:09:23 12:30:11, 228 +
, ['2', '2', '8']FLIR10616.jpg, 2022:09:23 12:30:19, 229 +
, ['2', '2', '9']FLIR10617.jpg, 2022:09:23 12:30:35, 232 *
, ['2', '3', '2']FLIR10618.jpg, 2022:09:23 12:30:49, 234
, ['2', '3', '4']FLIR10619.jpg, 2022:09:23 12:31:04, 233
, ['2', '3', '3']FLIR10620.jpg, 2022:09:23 12:31:19, 236
, ['2', '3', '6']FLIR10621.jpg, 2022:09:23 12:31:35, 237
, ['2', '3', '7']FLIR10622.jpg, 2022:09:23 12:31:49, 239
, ['2', '3', '9']FLIR10623.jpg, 2022:09:23 12:32:04, 241 F
, ['2', '4', '1']FLIR10624.jpg, 2022:09:23 12:32:19, 240 +
, ['2', '4', '0']FLIR10625.jpg, 2022:09:23 12:32:34, 240 +
, ['2', '4', '0']FLIR10626.jpg, 2022:09:23 12:32:49, 242 *
, ['2', '4', '2']FLIR10627.jpg, 2022:09:23 12:33:04, 242 *
, ['2', '4', '2']FLIR10628.jpg, 2022:09:23 12:33:19, 243 F
, ['2', '4', '3']FLIR10629.jpg, 2022:09:23 12:33:34, 243 F
, ['2', '4', '3']FLIR10630.jpg, 2022:09:23 12:33:49, 242 *
, ['2', '4', '2']FLIR10631.jpg, 2022:09:23 12:34:04, 244%
, ['2', '4', '4']FLIR10632.jpg, 2022:09:23 12:34:19, 244%
, ['2', '4', '4']FLIR10633.jpg, 2022:09:23 12:34:32, 242 *
, ['2', '4', '2']FLIR10634.jpg, 2022:09:23 12:34:48, 243 F
, ['2', '4', '3']FLIR10635.jpg, 2022:09:23 12:35:10, 242 *
, ['2', '4', '2']FLIR10636.jpg, 2022:09:23 12:35:19, 242 *
, ['2', '4', '2']FLIR10637.jpg, 2022:09:23 12:35:34, 240 +
, ['2', '4', '0']FLIR10638.jpg, 2022:09:23 12:35:49, 242 *
, ['2', '4', '2']FLIR10639.jpg, 2022:09:23 12:36:03, 240 +
, ['2', '4', '0']FLIR10640.jpg, 2022:09:23 12:36:19, 242 *
, ['2', '4', '2']FLIR10641.jpg, 2022:09:23 12:36:34, 242 *
, ['2', '4', '2']FLIR10642.jpg, 2022:09:23 12:36:49, 241 F
, ['2', '4', '1']FLIR10643.jpg, 2022:09:23 12:37:02, 241 F
, ['2', '4', '1']FLIR10644.jpg, 2022:09:23 12:37:19, 240 +
, ['2', '4', '0']FLIR10645.jpg, 2022:09:23 12:37:34, 242 *
, ['2', '4', '2']FLIR10646.jpg, 2022:09:23 12:37:49, 242 *
, ['2', '4', '2']FLIR10647.jpg, 2022:09:23 12:38:04, 243 F
, ['2', '4', '3']FLIR10648.jpg, 2022:09:23 12:38:19, 240 +
, ['2', '4', '0']FLIR10649.jpg, 2022:09:23 12:38:34, 241 F
, ['2', '4', '1']FLIR10650.jpg, 2022:09:23 12:38:49, 234
, ['2', '3', '4']FLIR10651.jpg, 2022:09:23 12:39:04, 236
, ['2', '3', '6']FLIR10652.jpg, 2022:09:23 12:39:19, 231 7
, ['2', '3', '1', '7']FLIR10653.jpg, 2022:09:23 12:39:31, 235 +
, ['2', '3', '5']FLIR10654.jpg, 2022:09:23 12:39:49, 197 *
, ['1', '9', '7']FLIR10655.jpg, 2022:09:23 12:40:10, 180 *
, ['1', '8', '0']FLIR10656.jpg, 2022:09:23 12:40:19, 169 *
, ['1', '6', '9']FLIR10657.jpg, 2022:09:23 12:40:34, 160 *
, ['1', '6', '0']FLIR10658.jpg, 2022:09:23 12:40:49, 152 *
, ['1', '5', '2']FLIR10659.jpg, 2022:09:23 12:41:04, 146 *
, ['1', '4', '6']FLIR10660.jpg, 2022:09:23 12:41:19, 141 *
, ['1', '4', '1']FLIR10661.jpg, 2022:09:23 12:41:34, 137 *
, ['1', '3', '7']FLIR10662.jpg, 2022:09:23 12:41:49, 134 *
, ['1', '3', '4']FLIR10663.jpg, 2022:09:23 12:42:01, 130 *
, ['1', '3', '0']FLIR10664.jpg, 2022:09:23 12:42:19, 128 *
, ['1', '2', '8']FLIR10665.jpg, 2022:09:23 12:42:34, 125 *
, ['1', '2', '5']FLIR10666.jpg, 2022:09:23 12:42:48, 123 *
, ['1', '2', '3']FLIR9685.jpg, 2022:09:23 08:37:27, ~75.2
, ['7', '5', '.', '2']FLIR9686.jpg, 2022:09:23 08:38:09, ~74.3
, ['7', '4', '.', '3']FLIR9687.jpg, 2022:09:23 08:37:57, ~74,7
, ['7', '4', '7']FLIR9688.jpg, 2022:09:23 08:38:25, W745
, ['7', '4', '5']FLIR9689.jpg, 2022:09:23 08:38:33, ~74,7
, ['7', '4', '7']FLIR9690.jpg, 2022:09:23 08:38:52, ~74.3
, ['7', '4', '.', '3']FLIR9691.jpg, 2022:09:23 08:39:12, 74.71°
, ['7', '4', '.', '7', '1']FLIR9692.jpg, 2022:09:23 08:39:19, 75.21°
, ['7', '5', '.', '2', '1']FLIR9693.jpg, 2022:09:23 08:39:37, 73.91°
, ['7', '3', '.', '9', '1']FLIR9694.jpg, 2022:09:23 08:40:00, 11717
, ['1', '1', '7', '1', '7']FLIR9695.jpg, 2022:09:23 08:39:58, 137 *
, ['1', '3', '7']FLIR9696.jpg, 2022:09:23 08:40:21, 1517
, ['1', '5', '1', '7']FLIR9697.jpg, 2022:09:23 08:40:44, 161 *
, ['1', '6', '1']FLIR9698.jpg, 2022:09:23 08:40:42, 168 *
, ['1', '6', '8']FLIR9699.jpg, 2022:09:23 08:41:06, 174 *
, ['1', '7', '4']FLIR9700.jpg, 2022:09:23 08:41:19, 179 *
, ['1', '7', '9']FLIR9701.jpg, 2022:09:23 08:41:33, 182 *
, ['1', '8', '2']FLIR9702.jpg, 2022:09:23 08:41:49, 186 *
, ['1', '8', '6']FLIR9703.jpg, 2022:09:23 08:42:03, 189 *
, ['1', '8', '9']FLIR9704.jpg, 2022:09:23 08:42:22, 190 *
, ['1', '9', '0']FLIR9705.jpg, 2022:09:23 08:42:33, 192 *
, ['1', '9', '2']FLIR9706.jpg, 2022:09:23 08:42:49, 193 *
, ['1', '9', '3']FLIR9707.jpg, 2022:09:23 08:43:03, 197 *
, ['1', '9', '7']FLIR9708.jpg, 2022:09:23 08:43:18, 197 *
, ['1', '9', '7']FLIR9709.jpg, 2022:09:23 08:43:45, 196 *
, ['1', '9', '6']FLIR9710.jpg, 2022:09:23 08:43:43, 194 *
, ['1', '9', '4']FLIR9711.jpg, 2022:09:23 08:44:04, 193 *
, ['1', '9', '3']FLIR9712.jpg, 2022:09:23 08:44:18, 194 *
, ['1', '9', '4']FLIR9713.jpg, 2022:09:23 08:44:34, 193 *
, ['1', '9', '3']FLIR9714.jpg, 2022:09:23 08:44:49, 194 *
, ['1', '9', '4']FLIR9715.jpg, 2022:09:23 08:45:10, 193 *
, ['1', '9', '3']FLIR9716.jpg, 2022:09:23 08:45:18, 193 *
, ['1', '9', '3']FLIR9717.jpg, 2022:09:23 08:45:33, 191 *
, ['1', '9', '1']FLIR9718.jpg, 2022:09:23 08:45:49, 189 *
, ['1', '8', '9']FLIR9719.jpg, 2022:09:23 08:46:04, 187 *
, ['1', '8', '7']FLIR9720.jpg, 2022:09:23 08:46:18, 184 *
, ['1', '8', '4']FLIR9721.jpg, 2022:09:23 08:46:33, 183 *
, ['1', '8', '3']FLIR9722.jpg, 2022:09:23 08:46:52, 181 *
, ['1', '8', '1']FLIR9723.jpg, 2022:09:23 08:47:04, 179 *
, ['1', '7', '9']FLIR9724.jpg, 2022:09:23 08:47:19, 179 *
, ['1', '7', '9']FLIR9725.jpg, 2022:09:23 08:47:33, 178 *
, ['1', '7', '8']FLIR9726.jpg, 2022:09:23 08:47:49, 176 *
, ['1', '7', '6']FLIR9727.jpg, 2022:09:23 08:48:03, 175 *
, ['1', '7', '5']FLIR9728.jpg, 2022:09:23 08:48:19, 174 *
, ['1', '7', '4']FLIR9729.jpg, 2022:09:23 08:48:40, 173 *
, ['1', '7', '3']FLIR9730.jpg, 2022:09:23 08:48:48, 172 *
, ['1', '7', '2']FLIR9731.jpg, 2022:09:23 08:49:03, 1717
, ['1', '7', '1', '7']FLIR9732.jpg, 2022:09:23 08:49:19, 1717
, ['1', '7', '1', '7']FLIR9733.jpg, 2022:09:23 08:49:33, 170 *
, ['1', '7', '0']FLIR9734.jpg, 2022:09:23 08:49:48, 168 *
, ['1', '6', '8']FLIR9735.jpg, 2022:09:23 08:50:03, 167 *
, ['1', '6', '7']FLIR9736.jpg, 2022:09:23 08:50:18, 168 *
, ['1', '6', '8']FLIR9737.jpg, 2022:09:23 08:50:33, 170 *
, ['1', '7', '0']FLIR9738.jpg, 2022:09:23 08:50:52, 172 *
, ['1', '7', '2']FLIR9739.jpg, 2022:09:23 08:51:03, 170 *
, ['1', '7', '0']FLIR9740.jpg, 2022:09:23 08:51:18, 169 *
, ['1', '6', '9']FLIR9741.jpg, 2022:09:23 08:51:33, 169 *
, ['1', '6', '9']FLIR9742.jpg, 2022:09:23 08:51:48, 167 *
, ['1', '6', '7']FLIR9743.jpg, 2022:09:23 08:52:04, 167 *
, ['1', '6', '7']FLIR9744.jpg, 2022:09:23 08:52:18, 167 *
, ['1', '6', '7']FLIR9745.jpg, 2022:09:23 08:52:33, 166 *
, ['1', '6', '6']FLIR9746.jpg, 2022:09:23 08:52:48, 166 *
, ['1', '6', '6']FLIR9747.jpg, 2022:09:23 08:53:03, 167 *
, ['1', '6', '7']FLIR9748.jpg, 2022:09:23 08:53:22, 166 *
, ['1', '6', '6']FLIR9749.jpg, 2022:09:23 08:53:33, 166 *
, ['1', '6', '6']FLIR9750.jpg, 2022:09:23 08:53:49, 166 *
, ['1', '6', '6']FLIR9751.jpg, 2022:09:23 08:54:03, 165 *
, ['1', '6', '5']FLIR9752.jpg, 2022:09:23 08:54:18, 165 *
, ['1', '6', '5']FLIR9753.jpg, 2022:09:23 08:54:34, 165 *
, ['1', '6', '5']FLIR9754.jpg, 2022:09:23 08:54:48, 166 *
, ['1', '6', '6']FLIR9755.jpg, 2022:09:23 08:55:03, 166 *
, ['1', '6', '6']FLIR9756.jpg, 2022:09:23 08:55:18, 166 *
, ['1', '6', '6']FLIR9757.jpg, 2022:09:23 08:55:33, 165 *
, ['1', '6', '5']FLIR9758.jpg, 2022:09:23 08:55:48, 165 *
, ['1', '6', '5']FLIR9759.jpg, 2022:09:23 08:56:03, 166 *
, ['1', '6', '6']FLIR9760.jpg, 2022:09:23 08:56:25, 164 *
, ['1', '6', '4']FLIR9761.jpg, 2022:09:23 08:56:33, 165 *
, ['1', '6', '5']FLIR9762.jpg, 2022:09:23 08:56:49, 165 *
, ['1', '6', '5']FLIR9763.jpg, 2022:09:23 08:57:03, 164 *
, ['1', '6', '4']FLIR9764.jpg, 2022:09:23 08:57:18, 163 *
, ['1', '6', '3']FLIR9765.jpg, 2022:09:23 08:57:33, 162 *
, ['1', '6', '2']FLIR9766.jpg, 2022:09:23 08:57:49, 163 *
, ['1', '6', '3']FLIR9767.jpg, 2022:09:23 08:58:03, 164 *
, ['1', '6', '4']FLIR9768.jpg, 2022:09:23 08:58:18, 164 *
, ['1', '6', '4']FLIR9769.jpg, 2022:09:23 08:58:34, 164 *
, ['1', '6', '4']FLIR9770.jpg, 2022:09:23 08:58:48, 162 *
, ['1', '6', '2']FLIR9771.jpg, 2022:09:23 08:59:03, 163 *
, ['1', '6', '3']FLIR9772.jpg, 2022:09:23 08:59:18, 165 *
, ['1', '6', '5']FLIR9773.jpg, 2022:09:23 08:59:33, 165 *
, ['1', '6', '5']FLIR9774.jpg, 2022:09:23 08:59:49, 165 *
, ['1', '6', '5']FLIR9775.jpg, 2022:09:23 09:00:04, 165 *
, ['1', '6', '5']FLIR9776.jpg, 2022:09:23 09:00:23, 164 *
, ['1', '6', '4']FLIR9777.jpg, 2022:09:23 09:00:33, 164 *
, ['1', '6', '4']FLIR9778.jpg, 2022:09:23 09:00:50, 166 *
, ['1', '6', '6']FLIR9779.jpg, 2022:09:23 09:01:04, 165 *
, ['1', '6', '5']FLIR9780.jpg, 2022:09:23 09:01:18, 164 *
, ['1', '6', '4']FLIR9781.jpg, 2022:09:23 09:01:34, 165 *
, ['1', '6', '5']FLIR9782.jpg, 2022:09:23 09:01:48, 166 *
, ['1', '6', '6']FLIR9783.jpg, 2022:09:23 09:02:04, 165 *
, ['1', '6', '5']FLIR9784.jpg, 2022:09:23 09:02:18, 165 *
, ['1', '6', '5']FLIR9785.jpg, 2022:09:23 09:02:33, 165 *
, ['1', '6', '5']FLIR9786.jpg, 2022:09:23 09:02:48, 166 *
, ['1', '6', '6']FLIR9787.jpg, 2022:09:23 09:03:03, 166 *
, ['1', '6', '6']FLIR9788.jpg, 2022:09:23 09:03:18, 165 *
, ['1', '6', '5']FLIR9789.jpg, 2022:09:23 09:03:33, 165 *
, ['1', '6', '5']FLIR9790.jpg, 2022:09:23 09:03:49, 165 *
, ['1', '6', '5']FLIR9791.jpg, 2022:09:23 09:04:03, 166 *
, ['1', '6', '6']FLIR9792.jpg, 2022:09:23 09:04:18, 167 *
, ['1', '6', '7']FLIR9793.jpg, 2022:09:23 09:04:33, 165 *
, ['1', '6', '5']FLIR9794.jpg, 2022:09:23 09:04:48, 166 *
, ['1', '6', '6']FLIR9795.jpg, 2022:09:23 09:05:04, 164 *
, ['1', '6', '4']FLIR9796.jpg, 2022:09:23 09:05:23, 163 *
, ['1', '6', '3']FLIR9797.jpg, 2022:09:23 09:05:34, 164 *
, ['1', '6', '4']FLIR9798.jpg, 2022:09:23 09:05:48, 164 *
, ['1', '6', '4']FLIR9799.jpg, 2022:09:23 09:06:04, 163 *
, ['1', '6', '3']FLIR9800.jpg, 2022:09:23 09:06:18, 163 *
, ['1', '6', '3']FLIR9801.jpg, 2022:09:23 09:06:34, 163 *
, ['1', '6', '3']FLIR9802.jpg, 2022:09:23 09:06:48, 161 *
, ['1', '6', '1']FLIR9803.jpg, 2022:09:23 09:07:04, 161 *
, ['1', '6', '1']FLIR9804.jpg, 2022:09:23 09:07:18, 162 *
, ['1', '6', '2']FLIR9805.jpg, 2022:09:23 09:07:34, 161 *
, ['1', '6', '1']FLIR9806.jpg, 2022:09:23 09:07:48, 161 *
, ['1', '6', '1']FLIR9807.jpg, 2022:09:23 09:08:04, 161 *
, ['1', '6', '1']FLIR9808.jpg, 2022:09:23 09:08:18, 161 *
, ['1', '6', '1']FLIR9809.jpg, 2022:09:23 09:08:34, 160 *
, ['1', '6', '0']FLIR9810.jpg, 2022:09:23 09:08:48, 160 *
, ['1', '6', '0']FLIR9811.jpg, 2022:09:23 09:09:04, 160 *
, ['1', '6', '0']FLIR9812.jpg, 2022:09:23 09:09:18, 160 *
, ['1', '6', '0']FLIR9813.jpg, 2022:09:23 09:09:33, 160 *
, ['1', '6', '0']FLIR9814.jpg, 2022:09:23 09:09:48, 161 *
, ['1', '6', '1']FLIR9815.jpg, 2022:09:23 09:10:05, 161 *
, ['1', '6', '1']FLIR9816.jpg, 2022:09:23 09:10:23, 161 *
, ['1', '6', '1']FLIR9817.jpg, 2022:09:23 09:10:33, 160 *
, ['1', '6', '0']FLIR9818.jpg, 2022:09:23 09:10:48, 160 *
, ['1', '6', '0']FLIR9819.jpg, 2022:09:23 09:11:03, 162 *
, ['1', '6', '2']FLIR9820.jpg, 2022:09:23 09:11:19, 161 *
, ['1', '6', '1']FLIR9821.jpg, 2022:09:23 09:11:34, 161 *
, ['1', '6', '1']FLIR9822.jpg, 2022:09:23 09:11:48, 161 *
, ['1', '6', '1']FLIR9823.jpg, 2022:09:23 09:12:04, 160 *
, ['1', '6', '0']FLIR9824.jpg, 2022:09:23 09:12:18, 160 *
, ['1', '6', '0']FLIR9825.jpg, 2022:09:23 09:12:34, 160 *
, ['1', '6', '0']FLIR9826.jpg, 2022:09:23 09:12:48, 159 *
, ['1', '5', '9']FLIR9827.jpg, 2022:09:23 09:13:04, 160 *
, ['1', '6', '0']FLIR9828.jpg, 2022:09:23 09:13:18, 159 *
, ['1', '5', '9']FLIR9829.jpg, 2022:09:23 09:13:33, 160 *
, ['1', '6', '0']FLIR9830.jpg, 2022:09:23 09:13:48, 161 *
, ['1', '6', '1']FLIR9831.jpg, 2022:09:23 09:14:03, 159 *
, ['1', '5', '9']FLIR9832.jpg, 2022:09:23 09:14:18, 160 *
, ['1', '6', '0']FLIR9833.jpg, 2022:09:23 09:14:34, 160 *
, ['1', '6', '0']FLIR9834.jpg, 2022:09:23 09:14:49, 159 *
, ['1', '5', '9']FLIR9835.jpg, 2022:09:23 09:15:03, 160 *
, ['1', '6', '0']FLIR9836.jpg, 2022:09:23 09:15:24, 160 *
, ['1', '6', '0']FLIR9837.jpg, 2022:09:23 09:15:33, 159 *
, ['1', '5', '9']FLIR9838.jpg, 2022:09:23 09:15:48, 159 *
, ['1', '5', '9']FLIR9839.jpg, 2022:09:23 09:16:03, 160 *
, ['1', '6', '0']FLIR9840.jpg, 2022:09:23 09:16:18, 160 *
, ['1', '6', '0']FLIR9841.jpg, 2022:09:23 09:16:33, 160 *
, ['1', '6', '0']FLIR9842.jpg, 2022:09:23 09:16:48, 160 *
, ['1', '6', '0']FLIR9843.jpg, 2022:09:23 09:17:04, 160 *
, ['1', '6', '0']FLIR9844.jpg, 2022:09:23 09:17:18, 160 *
, ['1', '6', '0']FLIR9845.jpg, 2022:09:23 09:17:34, 162 *
, ['1', '6', '2']FLIR9846.jpg, 2022:09:23 09:17:48, 161 *
, ['1', '6', '1']FLIR9847.jpg, 2022:09:23 09:18:04, 160 *
, ['1', '6', '0']FLIR9848.jpg, 2022:09:23 09:18:18, 160 *
, ['1', '6', '0']FLIR9849.jpg, 2022:09:23 09:18:34, 161 *
, ['1', '6', '1']FLIR9850.jpg, 2022:09:23 09:18:48, 162 *
, ['1', '6', '2']FLIR9851.jpg, 2022:09:23 09:19:03, 161 *
, ['1', '6', '1']FLIR9852.jpg, 2022:09:23 09:19:18, 161 *
, ['1', '6', '1']FLIR9853.jpg, 2022:09:23 09:19:34, 161 *
, ['1', '6', '1']FLIR9854.jpg, 2022:09:23 09:19:48, 161 *
, ['1', '6', '1']FLIR9855.jpg, 2022:09:23 09:20:03, 161 *
, ['1', '6', '1']FLIR9856.jpg, 2022:09:23 09:20:24, 160 *
, ['1', '6', '0']FLIR9857.jpg, 2022:09:23 09:20:33, 160 *
, ['1', '6', '0']FLIR9858.jpg, 2022:09:23 09:20:48, 161 *
, ['1', '6', '1']FLIR9859.jpg, 2022:09:23 09:21:03, 161 *
, ['1', '6', '1']FLIR9860.jpg, 2022:09:23 09:21:18, 161 *
, ['1', '6', '1']FLIR9861.jpg, 2022:09:23 09:21:34, 160 *
, ['1', '6', '0']FLIR9862.jpg, 2022:09:23 09:21:49, 161 *
, ['1', '6', '1']FLIR9863.jpg, 2022:09:23 09:22:04, 162 *
, ['1', '6', '2']FLIR9864.jpg, 2022:09:23 09:22:18, 161 *
, ['1', '6', '1']FLIR9865.jpg, 2022:09:23 09:22:33, 161 *
, ['1', '6', '1']FLIR9866.jpg, 2022:09:23 09:22:49, 161 *
, ['1', '6', '1']FLIR9867.jpg, 2022:09:23 09:23:03, 161 *
, ['1', '6', '1']FLIR9868.jpg, 2022:09:23 09:23:18, 162 *
, ['1', '6', '2']FLIR9869.jpg, 2022:09:23 09:23:34, 161 *
, ['1', '6', '1']FLIR9870.jpg, 2022:09:23 09:23:48, 162 *
, ['1', '6', '2']FLIR9871.jpg, 2022:09:23 09:24:04, 161 *
, ['1', '6', '1']FLIR9872.jpg, 2022:09:23 09:24:18, 163 *
, ['1', '6', '3']FLIR9873.jpg, 2022:09:23 09:24:33, 162 *
, ['1', '6', '2']FLIR9874.jpg, 2022:09:23 09:24:48, 161 *
, ['1', '6', '1']FLIR9875.jpg, 2022:09:23 09:25:04, 162 *
, ['1', '6', '2']FLIR9876.jpg, 2022:09:23 09:25:24, 162 *
, ['1', '6', '2']FLIR9877.jpg, 2022:09:23 09:25:34, 162 *
, ['1', '6', '2']FLIR9878.jpg, 2022:09:23 09:25:48, 163 *
, ['1', '6', '3']FLIR9879.jpg, 2022:09:23 09:26:04, 163 *
, ['1', '6', '3']FLIR9880.jpg, 2022:09:23 09:26:18, 162 *
, ['1', '6', '2']FLIR9881.jpg, 2022:09:23 09:26:33, 162 *
, ['1', '6', '2']FLIR9882.jpg, 2022:09:23 09:26:48, 162 *
, ['1', '6', '2']FLIR9883.jpg, 2022:09:23 09:27:03, 162 *
, ['1', '6', '2']FLIR9884.jpg, 2022:09:23 09:27:19, 163 *
, ['1', '6', '3']FLIR9885.jpg, 2022:09:23 09:27:33, 163 *
, ['1', '6', '3']FLIR9886.jpg, 2022:09:23 09:27:48, 163 *
, ['1', '6', '3']FLIR9887.jpg, 2022:09:23 09:28:03, 163 *
, ['1', '6', '3']FLIR9888.jpg, 2022:09:23 09:28:19, 163 *
, ['1', '6', '3']FLIR9889.jpg, 2022:09:23 09:28:33, 162 *
, ['1', '6', '2']FLIR9890.jpg, 2022:09:23 09:28:49, 162 *
, ['1', '6', '2']FLIR9891.jpg, 2022:09:23 09:29:03, 161 *
, ['1', '6', '1']FLIR9892.jpg, 2022:09:23 09:29:19, 161 *
, ['1', '6', '1']FLIR9893.jpg, 2022:09:23 09:29:33, 161 *
, ['1', '6', '1']FLIR9894.jpg, 2022:09:23 09:29:49, 162 *
, ['1', '6', '2']FLIR9895.jpg, 2022:09:23 09:30:03, 162 *
, ['1', '6', '2']FLIR9896.jpg, 2022:09:23 09:30:23, 163 *
, ['1', '6', '3']FLIR9897.jpg, 2022:09:23 09:30:33, 164 *
, ['1', '6', '4']FLIR9898.jpg, 2022:09:23 09:30:49, 163 *
, ['1', '6', '3']FLIR9899.jpg, 2022:09:23 09:31:03, 162 *
, ['1', '6', '2']FLIR9900.jpg, 2022:09:23 09:31:18, 162 *
, ['1', '6', '2']FLIR9901.jpg, 2022:09:23 09:31:33, 161 *
, ['1', '6', '1']FLIR9902.jpg, 2022:09:23 09:31:48, 160 *
, ['1', '6', '0']FLIR9903.jpg, 2022:09:23 09:32:04, 159 *
, ['1', '5', '9']FLIR9904.jpg, 2022:09:23 09:32:18, 158 *
, ['1', '5', '8']FLIR9905.jpg, 2022:09:23 09:32:33, 158 *
, ['1', '5', '8']FLIR9906.jpg, 2022:09:23 09:32:49, 157 *
, ['1', '5', '7']FLIR9907.jpg, 2022:09:23 09:33:05, 156 *
, ['1', '5', '6']FLIR9908.jpg, 2022:09:23 09:33:19, 157 *
, ['1', '5', '7']FLIR9909.jpg, 2022:09:23 09:33:33, 157 *
, ['1', '5', '7']FLIR9910.jpg, 2022:09:23 09:33:48, 157 *
, ['1', '5', '7']FLIR9911.jpg, 2022:09:23 09:34:03, 158 *
, ['1', '5', '8']FLIR9912.jpg, 2022:09:23 09:34:19, 158 *
, ['1', '5', '8']FLIR9913.jpg, 2022:09:23 09:34:34, 158 *
, ['1', '5', '8']FLIR9914.jpg, 2022:09:23 09:34:48, 157 *
, ['1', '5', '7']FLIR9915.jpg, 2022:09:23 09:35:04, 158 *
, ['1', '5', '8']FLIR9916.jpg, 2022:09:23 09:35:24, 157 *
, ['1', '5', '7']FLIR9917.jpg, 2022:09:23 09:35:33, 157 *
, ['1', '5', '7']FLIR9918.jpg, 2022:09:23 09:35:49, 157 *
, ['1', '5', '7']FLIR9919.jpg, 2022:09:23 09:36:03, 157 *
, ['1', '5', '7']FLIR9920.jpg, 2022:09:23 09:36:19, 157 *
, ['1', '5', '7']FLIR9921.jpg, 2022:09:23 09:36:33, 157 *
, ['1', '5', '7']FLIR9922.jpg, 2022:09:23 09:36:48, 157 *
, ['1', '5', '7']FLIR9923.jpg, 2022:09:23 09:37:03, 156 *
, ['1', '5', '6']FLIR9924.jpg, 2022:09:23 09:37:18, 155 *
, ['1', '5', '5']FLIR9925.jpg, 2022:09:23 09:37:33, 156 *
, ['1', '5', '6']FLIR9926.jpg, 2022:09:23 09:37:48, 156 *
, ['1', '5', '6']FLIR9927.jpg, 2022:09:23 09:38:04, 156 *
, ['1', '5', '6']FLIR9928.jpg, 2022:09:23 09:38:18, 155 *
, ['1', '5', '5']FLIR9929.jpg, 2022:09:23 09:38:34, 155 *
, ['1', '5', '5']FLIR9930.jpg, 2022:09:23 09:38:48, 154 *
, ['1', '5', '4']FLIR9931.jpg, 2022:09:23 09:39:04, 154 *
, ['1', '5', '4']FLIR9932.jpg, 2022:09:23 09:39:18, 154 *
, ['1', '5', '4']FLIR9933.jpg, 2022:09:23 09:39:34, 155 *
, ['1', '5', '5']FLIR9934.jpg, 2022:09:23 09:39:48, 181 *
, ['1', '8', '1']FLIR9935.jpg, 2022:09:23 09:40:03, 190 *
, ['1', '9', '0']FLIR9936.jpg, 2022:09:23 09:40:23, 195 *
, ['1', '9', '5']FLIR9937.jpg, 2022:09:23 09:40:34, 195 *
, ['1', '9', '5']FLIR9938.jpg, 2022:09:23 09:40:48, 198 *
, ['1', '9', '8']FLIR9939.jpg, 2022:09:23 09:41:04, 200 *
, ['2', '0', '0']FLIR9940.jpg, 2022:09:23 09:41:18, 202 +
, ['2', '0', '2']FLIR9941.jpg, 2022:09:23 09:41:33, 203 +
, ['2', '0', '3']FLIR9942.jpg, 2022:09:23 09:41:48, 203 +
, ['2', '0', '3']FLIR9943.jpg, 2022:09:23 09:42:03, 204 +
, ['2', '0', '4']FLIR9944.jpg, 2022:09:23 09:42:19, 206 *
, ['2', '0', '6']FLIR9945.jpg, 2022:09:23 09:42:33, 206 *
, ['2', '0', '6']FLIR9946.jpg, 2022:09:23 09:42:49, 207 *
, ['2', '0', '7']FLIR9947.jpg, 2022:09:23 09:43:03, 207 *
, ['2', '0', '7']FLIR9948.jpg, 2022:09:23 09:43:19, 210 F
, ['2', '1', '0']FLIR9949.jpg, 2022:09:23 09:43:33, 217 *
, ['2', '1', '7']FLIR9950.jpg, 2022:09:23 09:43:48, 219 +
, ['2', '1', '9']FLIR9951.jpg, 2022:09:23 09:44:04, 220 +
, ['2', '2', '0']FLIR9952.jpg, 2022:09:23 09:44:18, 220 +
, ['2', '2', '0']FLIR9953.jpg, 2022:09:23 09:44:33, 222 +
, ['2', '2', '2']FLIR9954.jpg, 2022:09:23 09:44:49, 222 +
, ['2', '2', '2']FLIR9955.jpg, 2022:09:23 09:45:03, 222 +
, ['2', '2', '2']FLIR9956.jpg, 2022:09:23 09:45:24, 224
, ['2', '2', '4']FLIR9957.jpg, 2022:09:23 09:45:33, 224
, ['2', '2', '4']FLIR9958.jpg, 2022:09:23 09:45:49, 225 +
, ['2', '2', '5']FLIR9959.jpg, 2022:09:23 09:46:03, 224
, ['2', '2', '4']FLIR9960.jpg, 2022:09:23 09:46:19, 225 +
, ['2', '2', '5']FLIR9961.jpg, 2022:09:23 09:46:33, 225 +
, ['2', '2', '5']FLIR9962.jpg, 2022:09:23 09:46:48, 225 +
, ['2', '2', '5']FLIR9963.jpg, 2022:09:23 09:47:03, 225 +
, ['2', '2', '5']FLIR9964.jpg, 2022:09:23 09:47:18, 223 *
, ['2', '2', '3']FLIR9965.jpg, 2022:09:23 09:47:33, 224
, ['2', '2', '4']FLIR9966.jpg, 2022:09:23 09:47:48, 224
, ['2', '2', '4']FLIR9967.jpg, 2022:09:23 09:48:04, 225 +
, ['2', '2', '5']FLIR9968.jpg, 2022:09:23 09:48:18, 228 +
, ['2', '2', '8']FLIR9969.jpg, 2022:09:23 09:48:34, 232 *
, ['2', '3', '2']FLIR9970.jpg, 2022:09:23 09:48:48, 235 +
, ['2', '3', '5']FLIR9971.jpg, 2022:09:23 09:49:04, 234
, ['2', '3', '4']FLIR9972.jpg, 2022:09:23 09:49:18, 232 *
, ['2', '3', '2']FLIR9973.jpg, 2022:09:23 09:49:34, 231 7
, ['2', '3', '1', '7']FLIR9974.jpg, 2022:09:23 09:49:48, 232 *
, ['2', '3', '2']FLIR9975.jpg, 2022:09:23 09:50:03, 232 *
, ['2', '3', '2']FLIR9976.jpg, 2022:09:23 09:50:24, 229 +
, ['2', '2', '9']FLIR9977.jpg, 2022:09:23 09:50:33, 227
, ['2', '2', '7']FLIR9978.jpg, 2022:09:23 09:50:49, 225 +
, ['2', '2', '5']FLIR9979.jpg, 2022:09:23 09:51:03, 224
, ['2', '2', '4']FLIR9980.jpg, 2022:09:23 09:51:18, 224
, ['2', '2', '4']FLIR9981.jpg, 2022:09:23 09:51:33, 222 +
, ['2', '2', '2']FLIR9982.jpg, 2022:09:23 09:51:48, 223 *
, ['2', '2', '3']FLIR9983.jpg, 2022:09:23 09:52:03, 222 +
, ['2', '2', '2']FLIR9984.jpg, 2022:09:23 09:52:19, 222 +
, ['2', '2', '2']FLIR9985.jpg, 2022:09:23 09:52:33, 222 +
, ['2', '2', '2']FLIR9986.jpg, 2022:09:23 09:52:48, 222 +
, ['2', '2', '2']FLIR9987.jpg, 2022:09:23 09:53:04, 222 +
, ['2', '2', '2']FLIR9988.jpg, 2022:09:23 09:53:18, 222 +
, ['2', '2', '2']FLIR9989.jpg, 2022:09:23 09:53:34, 222 +
, ['2', '2', '2']FLIR9990.jpg, 2022:09:23 09:53:48, 221 *
, ['2', '2', '1']FLIR9991.jpg, 2022:09:23 09:54:04, 221 *
, ['2', '2', '1']FLIR9992.jpg, 2022:09:23 09:54:18, 220 +
, ['2', '2', '0']FLIR9993.jpg, 2022:09:23 09:54:33, 220 +
, ['2', '2', '0']FLIR9994.jpg, 2022:09:23 09:54:49, 221 *
, ['2', '2', '1']FLIR9995.jpg, 2022:09:23 09:55:10, 222 +
, ['2', '2', '2']FLIR9996.jpg, 2022:09:23 09:55:19, 222 +
, ['2', '2', '2']FLIR9997.jpg, 2022:09:23 09:55:33, 222 +
, ['2', '2', '2']FLIR9998.jpg, 2022:09:23 09:55:48, 222 +
, ['2', '2', '2']FLIR9999.jpg, 2022:09:23 09:56:03, 222 +
, ['2', '2', '2']